674084,cU STpV H,6290.68
175911,AQUGxdKDs Ms BtapL,4157.39
562236,iftJ DpccIUxZmH XTNtmE,7448.96
622212,YgUsPhbC XrYaWNRtSL EAbneDK,3078.08
259697,csgSXLQIet XTY EsT,5228.16
301974,ckZfs niTTo uHosPyl,2095.75
981283,EjJf zaXhSfoanR O,096.33
199775,vCcp TqJoZOoWwa qIFA,9291.25
483433,TlTryXecu KAU qHf,4608.44
331831,cpVjgOKmIV lgjgggcq rhbps,877.19
97254,bJGeY UYNE nt,7238.49
702641,BKtcoIZ VxrXonpuE iFoRM,492.30
535883,vQAnWf e qJxvw,2697.36
640455,raasQxNEYB aod achbiA,3491.89
1908,BQwkt lE Kove,9098.68
145362,FxeLiVOphg XRQDAD MrNUglU,9800.75
67079,aQptPQ DTrZFPe HgXYl,1933.01
703515,vwpTaU YzwnuDz Ae,1972.65
800298,eTqQQdCOwL mcwtY rLlmHESu,0587.93
396744,uyLUY rceoMNasBp e,4041.45
392531,dN EoBsKmNEeL jQoe,1515.99
226276,jOLy j qbjLb,5734.35
612204,Tbe uDxme BKnEzGrq,402.92
386771,rzEeeOzSw VlZOMA hViDOu,3237.85
8175,OP mDsP Uj,1414.85
68656,HPTt hrvCIqrta viGhKWJF,0793.01
974523,vL dbYBY yjP,6453.24
301685,mU rox Y,9613.50
565104,pjSaCHhr URhbpKz Citg,8997.02
98581,l lpHWhKrH gkiwHN,9518.04
